Workbook

Sheet README
A1: Please fill out the yellow highlighted areas in this document!
A2: You can leave the grey highlighted areas blank.
A3: If you have any questions, please contact your data management team.
A4: If you are the data management team and you have questions, please contact Katherine "Katie" Herrmann (katherine_herrmann@nps.gov).

Sheet attributes
A1: ATTRIBUTE METADATA
C2: Describe what this column contains in one plain-language sentence. • Start with a noun, not "This column is..." • Don't repeat the column name or include units or date formats (those have their own columns) • Spell out abbreviations and acronyms • For categorical fields, describe the variable only; codes are defined separately | D2: DO NOT EDIT CLASS | E2: Type the first few letters then pick from dropdown. • Full list shown in "unit_dictionary" tab. • For count, use "number". • If unit does not already exist, add it to the "custom units" tab first | F2: Y Year, M Month, D Day, h Hour, m Minute, s Second Examples: • YYYY-MM-DD for 2025-10-25 • hh:mm:ss for 11:25:42 AM | G2: The code(s) that describe missing values in the data. If the column contains NA, write NA. If the column is empty or contains "", write blank. For fields where missing values are not applicable or data should always be present, leave the field empty. | H2: If there is a blank or missing value in this column, what would that mean? For fields where missing values are not applicable or data should always be present, leave the field empty. Examples: • No data to collect/not present • We could not gather data at this point • Instrument error • Data missing

Sheet custom_units
A1: CUSTOM UNITS | B1: Description:
A2: ONLY FILL THIS OUT IF YOU NEED IT FOR THE ATTRIBUTES TABLE | B2: Units that are not already on the unit_directory tab. If you need to make a custom unit, find something similar on the unit_directory tab to use as a guideline.
A3: EXAMPLE:
A4: id | B4: unitType | C4: parentSI | D4: multiplierToSI | E4: description
A5: Ounces | B5: volume | C5: liter | D5: 0.02957353 | E5: US Fluid Ounce, a unit of volume equal to roughly 0.0295735 Liters
A7: ENTER CUSTOM UNITS BELOW:
A8: id | B8: unitType | C8: parentSI | D8: multiplierToSI | E8: description

Sheet unit_dictionary
A1: id | B1: name | C1: unitType | D1: udunitsSynonym | E1: description | F1: abbreviation | G1: multiplierToSI | H1: deprecatedInFavorOf | I1: parentSI | J1: constantToSI
A2: dimensionless | B2: dimensionless | C2: dimensionless | E2: a designation asserting the absence of an associated unit | F2: NA | G2: NA | H2: NA | I2: NA | J2: NA
A3: second | B3: second | C3: time | D3: second | E3: SI unit of time | F3: sec | G3: 1 | H3: NA | I3: NA | J3: NA
A4: meter | B4: meter | C4: length | D4: meter | E4: SI unit of length | F4: m | G4: 1 | H4: NA | I4: NA | J4: NA
A5: kilogram | B5: kilogram | C5: mass | D5: kilogram | E5: SI unit of mass | F5: kg | G5: 1 | H5: NA | I5: NA | J5: NA
A6: kelvin | B6: kelvin | C6: temperature | D6: kelvin | E6: SI unit of temperature | F6: K | G6: 1 | H6: NA | I6: NA | J6: NA
A7: coulomb | B7: coulomb | C7: charge | D7: coulomb | E7: SI unit of charge | F7: C | G7: 1 | H7: NA | I7: NA | J7: NA
A8: ampere | B8: ampere | C8: current | D8: ampere | E8: SI unit of electrical current | F8: A | G8: 1 | H8: NA | I8: NA | J8: NA
A9: mole | B9: mole | C9: amount | D9: mole | E9: SI unit of substance amount | F9: mol | G9: 1 | H9: NA | I9: NA | J9: NA
A10: candela | B10: candela | C10: luminosity | D10: candela | E10: SI base unit of luminous intensity (luminous power per unti solid angle emitted_x000D_ by a point light source in a particular direction) | F10: cd | G10: 1 | H10: NA | I10: NA | J10: NA
A11: number | B11: number | C11: dimensionless | D11: count | E11: a quantity or amount | F11: NA | G11: NA | H11: NA | I11: NA | J11: NA
A12: cubicMeter | B12: cubicMeter | C12: volume | D12: meter^3 | E12: cubic meter | F12: mÂ³ | G12: 1 | H12: meterCubed | I12: NA | J12: NA
A13: nominalMinute | B13: nominalMinute | C13: time | D13: minute | E13: one minute of time excluding leap seconds, 60 seconds | F13: NA | G13: 60 | H13: NA | I13: second | J13: NA
A14: nominalHour | B14: nominalHour | C14: time | D14: hour | E14: one hour excluding leap seconds, 3600 seconds | F14: NA | G14: 3600 | H14: NA | I14: second | J14: NA
A15: nominalDay | B15: nominalDay | C15: time | D15: day | E15: one day excluding leap seconds, 86400 seconds | F15: NA | G15: 86400 | H15: NA | I15: second | J15: NA
A16: nominalWeek | B16: nominalWeek | C16: time | D16: week | E16: one day excluding leap seconds, 604800 seconds | F16: NA | G16: 604800 | H16: NA | I16: second | J16: NA
A17: nominalYear | B17: nominalYear | C17: time | D17: common_year | E17: one year excluding leap seconds and leap days, 31536000 seconds | F17: NA | G17: 31536000 | H17: NA | I17: second | J17: NA
A18: nominalLeapYear | B18: nominalLeapYear | C18: time | D18: leap_year | E18: one 366 day year excluding leap seconds, 31622400 seconds | F18: NA | G18: 31622400 | H18: NA | I18: second | J18: NA
A19: nanogram | B19: nanogram | C19: mass | D19: nanogram | E19: 0.000000000001 kg | F19: ng | G19: 1e-12 | H19: NA | I19: kilogram | J19: NA
A20: microgram | B20: microgram | C20: mass | D20: microgram | E20: 0.000000001 kg | F20: Î¼g | G20: 1e-09 | H20: NA | I20: kilogram | J20: NA
A21: milligram | B21: milligram | C21: mass | D21: milligram | E21: 0.000001 kg | F21: mg | G21: 1e-06 | H21: NA | I21: kilogram | J21: NA
A22: centigram | B22: centigram | C22: mass | D22: centigram | E22: 0.00001 kg | F22: cg | G22: 1e-05 | H22: NA | I22: kilogram | J22: NA
A23: decigram | B23: decigram | C23: mass | D23: decigram | E23: 0.0001 kg | F23: dg | G23: 0.0001 | H23: NA | I23: kilogram | J23: NA
... A30: ton | B30: ton | C30: NA | D30: short_ton | E30: standard US (short) ton = 2000 lbs | F30: ton | G30: 907.1999 | H30: NA | I30: kilogram | J30: NA
A31: celsius | B31: celsius | C31: NA | D31: celsius | E31: A common unit of temperature | F31: C | G31: 1 | H31: NA | I31: kelvin | J31: 273.18
A32: fahrenheit | B32: fahrenheit | C32: NA | D32: fahrenheit | E32: unit for temperature on the scale in which water freezes at 32 and boils _x000D_ at 212 under standard conditions. | F32: F | G32: 0.556 | H32: NA | I32: kelvin | J32: 255.402
A33: nanometer | B33: nanometer | C33: NA | D33: nanometer | E33: .000000001 meters | F33: nm | G33: 1e-09 | H33: NA | I33: meter | J33: NA
A34: micrometer | B34: micrometer | C34: NA | D34: micrometer | E34: .000001 meters | F34: Î¼m | G34: 1e-06 | H34: NA | I34: meter | J34: NA
A35: micron | B35: micron | C35: NA | D35: micrometer | E35: .000001 meters | F35: Î¼ | G35: 1e-06 | H35: micrometer | I35: meter | J35: NA
A36: millimeter | B36: millimeter | C36: NA | D36: millimeter | E36: .001 meters | F36: mm | G36: 0.001 | H36: NA | I36: meter | J36: NA
A37: centimeter | B37: centimeter | C37: NA | D37: centimeter | E37: .01 meters | F37: cm | G37: 0.01 | H37: NA | I37: meter | J37: NA
A38: decimeter | B38: decimeter | C38: NA | D38: decimeter | E38: .1 meters | F38: dm | G38: 0.1 | H38: NA | I38: meter | J38: NA
A39: dekameter | B39: dekameter | C39: NA | D39: dekameter | E39: 10 meters | F39: dam | G39: 10 | H39: NA | I39: meter | J39: NA
A40: hectometer | B40: hectometer | C40: NA | D40: hectometer | E40: 100 meters | F40: hm | G40: 100 | H40: NA | I40: meter | J40: NA
A41: kilometer | B41: kilometer | C41: NA | D41: kilometer | E41: 1000 meters | F41: km | G41: 1000 | H41: NA | I41: meter | J41: NA
A42: megameter | B42: megameter | C42: NA | D42: megameter | E42: 1000000 meters | F42: Mm | G42: 1000000 | H42: NA | I42: meter | J42: NA
A43: angstrom | B43: angstrom | C43: NA | D43: angstrom | E43: 1/10000000000 meter | F43: Ã… | G43: 1e-10 | H43: NA | I43: meter | J43: NA
A44: inch | B44: inch | C44: NA | D44: international_inch | E44: unit of length in the (British) imperial and United States systems _x000D_ usually understood as 1/12 f a foot. | F44: in | G44: 0.0254 | H44: NA | I44: meter | J44: NA
... A46: foot | B46: foot | C46: NA | D46: international_foot | E46: 12 inches | F46: ft | G46: 0.3048 | H46: NA | I46: meter | J46: NA
A47: Foot_Gold_Coast | B47: Foot_Gold_Coast | C47: NA | E47: 12 inches | F47: gcft | G47: 0.3047997 | H47: NA | I47: meter | J47: NA
A48: fathom | B48: fathom | C48: NA | D48: fathom | E48: 6 feet | F48: NA | G48: 1.8288 | H48: NA | I48: meter | J48: NA
A49: nauticalMile | B49: nauticalMile | C49: NA | D49: nautical_mile | E49: defined as exactly 1,852 meters (6,076.1 ft; 1.1508 mi). Historically, _x000D_ defined as one minute of latitude. | F49: NA | G49: 1852 | H49: NA | I49: meter | J49: NA
A50: yard | B50: yard | C50: NA | D50: international_yard | E50: 3 feet | F50: yard | G50: 0.9144 | H50: NA | I50: meter | J50: NA
A51: Yard_Indian | B51: Yard_Indian | C51: NA | E51: This is an ESRI unit and the multiplier comes from ESRI. It may not be_x000D_ accurate. | F51: NA | G51: 0.914398530744440774 | H51: NA | I51: meter | J51: NA
A52: Link_Clarke | B52: Link_Clarke | C52: NA | E52: This is an ESRI unit and the multiplier comes from ESRI. It may not be_x000D_ accurate. | F52: NA | G52: 0.20116619 | H52: NA | I52: meter | J52: NA
A53: Yard_Sears | B53: Yard_Sears | C53: NA | E53: This is an ESRI unit and the multiplier comes from ESRI. It may not be_x000D_ accurate. | F53: NA | G53: 0.91439841461602867 | H53: yard | I53: meter | J53: NA
A54: mile | B54: mile | C54: NA | D54: international_mile | E54: 5280 ft or 1609.344 meters | F54: mile | G54: 1609.344 | H54: NA | I54: meter | J54: NA
A55: nanosecond | B55: nanosecond | C55: NA | D55: nanosecond | E55: 1/1000000 of a second | F55: nsec | G55: 1e-09 | H55: NA | I55: second | J55: NA
A56: microsecond | B56: microsecond | C56: NA | D56: microsecond | E56: 1/100000 of a second | F56: Î¼sec | G56: 1e-06 | H56: NA | I56: second | J56: NA
A57: millisecond | B57: millisecond | C57: NA | D57: millisecond | E57: 1/1000 of a second | F57: msec | G57: 0.001 | H57: NA | I57: second | J57: NA
A58: centisecond | B58: centisecond | C58: NA | D58: centisecond | E58: 1/100 of a second | F58: csec | G58: 0.01 | H58: NA | I58: second | J58: NA
A59: decisecond | B59: decisecond | C59: NA | D59: decisecond | E59: 1/10 of a second | F59: dsec | G59: 0.1 | H59: NA | I59: second | J59: NA
A60: dekasecond | B60: dekasecond | C60: NA | D60: dekasecond | E60: 10 seconds | F60: dasec | G60: 10 | H60: NA | I60: second | J60: NA
A61: hectosecond | B61: hectosecond | C61: NA | D61: hectosecond | E61: 100 seconds | F61: hsec | G61: 100 | H61: NA | I61: second | J61: NA
A62: kilosecond | B62: kilosecond | C62: NA | D62: kilosecond | E62: 1000 seconds | F62: ksec | G62: 1000 | H62: NA | I62: second | J62: NA
A63: megasecond | B63: megasecond | C63: NA | D63: megasecond | E63: 1000000 seconds | F63: Msec | G63: 1000000 | H63: NA | I63: second | J63: NA
A64: minute | B64: minute | C64: NA | D64: minute | E64: 60 seconds | F64: min | G64: 60 | H64: NA | I64: second | J64: NA
A65: hour | B65: hour | C65: NA | D65: hour | E65: 3600 seconds | F65: hr | G65: 3600 | H65: NA | I65: second | J65: NA
... A79: degree | B79: degree | C79: angle | D79: arc_degree | E79: 360 degrees comprise a unit circle | F79: Âº | G79: 0.017453292 | H79: NA | I79: radian | J79: NA
A80: grad | B80: grad | C80: angle | E80: a plane angle equivalent to 1/400 of a full circle | F80: grad | G80: 0.015707 | H80: NA | I80: radian | J80: NA
A81: steradian | B81: steradian | C81: angle | D81: steradian | E81: standard unit of solid angle measure, it is the solid angle which cuts out an area_x000D_ on a sphere that is the square of the sphere's radius; as a ratio of two areas, it has no_x000D_ dimension | F81: sr | G81: 1 | H81: NA | I81: NA | J81: NA
A82: megahertz | B82: megahertz | C82: frequency | D82: megahertz | E82: megahertz | F82: MHz | G82: 1000000 | H82: NA | I82: hertz | J82: NA
A83: kilohertz | B83: kilohertz | C83: frequency | D83: kilohertz | E83: kilohertz | F83: KHz | G83: 1000 | H83: NA | I83: hertz | J83: NA
A84: hertz | B84: hertz | C84: frequency | D84: hertz | E84: derived unit of frequency in the SI, defined as one cycle per second | F84: Hz | G84: 1 | H84: NA | I84: NA | J84: NA
A85: millihertz | B85: millihertz | C85: frequency | D85: millihertz | E85: millihertz | F85: mHz | G85: 0.001 | H85: NA | I85: hertz | J85: NA
A86: newton | B86: newton | C86: force | D86: newton | E86: newton | F86: N | G86: 1 | H86: NA | I86: NA | J86: NA
A87: joule | B87: joule | C87: energy | D87: joule | E87: joule = N*m | F87: J | G87: 1 | H87: NA | I87: NA | J87: NA
A88: calorie | B88: calorie | C88: energy | D88: IT_calorie | E88: unit of energy: amount of energy to raise the temperature of one gram of water _x000D_ by one degree Celsius at a pressure of one atmosphere. cal = 4.1868 J | F88: cal | G88: 4.1868 | H88: NA | I88: joule | J88: NA
A89: britishThermalUnit | B89: britishThermalUnit | C89: energy | D89: IT_Btu | E89: an energy unit: 1 btu = 1055.0559 J | F89: btu | G89: 1055.0559 | H89: NA | I89: joule | J89: NA
A90: footPound | B90: footPound | C90: energy | D90: international_foot pound_force | E90: 1 ft-lbs = 1.355818 J | F90: NA | G90: 1.355818 | H90: NA | I90: joule | J90: NA
A91: langley | B91: langley | C91: arealEnergyDensity | D91: langley | E91: unit of energy density = 41840 joule/m^2, = 1 calorie/cm^2 | F91: Ly | G91: 41840 | H91: NA | I91: joulePerMeterSquared | J91: 0
A92: lumen | B92: lumen | C92: luminosity | D92: lumen | E92: SI unit for the total quantity of visible light in a defined beam or angle._x000D_ 1 lumen/m^2 = 1 lux. 1 lumen = 1 candela * steradian | F92: lm | G92: 1 | H92: NA | I92: NA | J92: NA
A93: lux | B93: lux | C93: illuminance | D93: lux | E93: SI derived unit for illuminance, or luminous flux per unit area. 1 lx = 1 lm/m^2 = 1 cd * sr/m^2 | F93: lx | G93: 1 | H93: NA | I93: NA | J93: NA
A94: becquerel | B94: becquerel | C94: radionucleotideActivity | D94: becquerel | E94: SI derived unit of radioactivity. the activity of a quantity of radioactive material in which _x000D_ one nucleus decays per second, and equivalent to an inverse second, s^-1. | F94: Bq | G94: 1 | H94: NA | I94: NA | J94: NA
A95: gray | B95: gray | C95: specificEnergy | D95: gray | E95: SI derived unit of ionizing radiation, defined as the absorption of one joule of _x000D_ radiation energy per kilogram of matter (= 1 J/kg) | F95: Gy | G95: 1 | H95: NA | I95: NA | J95: NA
A96: sievert | B96: sievert | C96: doseEquivalent | D96: sievert | E96: SI derived unit of ionizing radiation dose (health effect of low levels of ionizing _x000D_ radiation on humans). 1 Sv = 100 rem (rem is an older, non-SI unit) | F96: Sv | G96: 1 | H96: NA | I96: NA | J96: NA
A97: katal | B97: katal | C97: catalyticActivity | D97: katal | E97: derived SI unit for quantifying enzymatic activity.A property of the catalyst _x000D_ (not rate of reaction), expressed in moles/second. | F97: kat | G97: 1 | H97: NA | I97: NA | J97: NA
A98: henry | B98: henry | C98: inductance | D98: henry | E98: SI derived unit for inductance; in SI base units: kg * m^2 * s^-2 * A^-2 | F98: H | G98: 1 | H98: NA | I98: NA | J98: NA
A99: megawatt | B99: megawatt | C99: power | D99: megawatt | E99: unit of power, to quantify rate of energy transfer. 1 W = J/s | F99: MW | G99: 1000000 | H99: NA | I99: watt | J99: NA
A100: kilowatt | B100: kilowatt | C100: power | D100: kilowatt | E100: unit of power, to quantify rate of energy transfer. 1 W = J/s | F100: kW | G100: 1000 | H100: NA | I100: watt | J100: NA
A101: watt | B101: watt | C101: power | D101: watt | E101: unit of power, to quantify rate of energy transfer. 1 W = J/s | F101: W | G101: 1 | H101: NA | I101: NA | J101: NA
A102: milliwatt | B102: milliwatt | C102: power | D102: milliwatt | E102: unit of power, to quantify rate of energy transfer. 1 W = J/s | F102: mW | G102: 0.001 | H102: NA | I102: watt | J102: NA
A103: megavolt | B103: megavolt | C103: potentialDifference | D103: megavolt | E103: Derived unit for electric potential, electric potential difference, _x000D_ and electromotive force. 1 V = kg * m^2 * s^-3 * A^-1 | F103: MV | G103: 1000000 | H103: NA | I103: volt | J103: NA
... A109: ohmMeter | B109: ohmMeter | C109: resistivity | D109: ohm meter | E109: SI unit of electrical resistivity (fundamental property that quantifies how strongly a material _x000D_ opposes the flow of electric current). reciprocal of electrical conductivity. | F109: Î©m | G109: 1 | H109: NA | I109: NA | J109: NA
A110: siemensPerMeter | B110: siemensPerMeter | D110: siemens/meter | E110: SI unit for conductivity, measure of a material's ability to conduct an _x000D_ electric current. | F110: S/m | G110: 1 | H110: NA | I110: siemensPerMeter | J110: NA
A111: siemensPerCentimeter | B111: siemensPerCentimeter | D111: siemens/centimeter | E111: SI unit for conductivity, measure of a material's ability to conduct an _x000D_ electric current. | F111: S/cm | G111: 0.01 | H111: NA | I111: siemensPerMeter | J111: NA
A112: siemen | B112: siemen | C112: conductance | D112: siemens | E112: siemens | F112: S | G112: 1 | H112: siemens | I112: NA | J112: NA
A113: siemens | B113: siemens | D113: siemens | E113: SI derived unit of electric conductance, susceptance and admittance _x000D_ (reciprocals of resistance, reactance, and impedance respectively). One siemens is equal _x000D_ to the reciprocal of one ohm (and also called "mho") | F113: S | G113: 1 | H113: NA | I113: siemens | J113: NA
A114: weber | B114: weber | C114: magneticFlux | D114: weber | E114: the SI unit of magnetic flux | F114: Wb | G114: 1 | H114: NA | I114: NA | J114: NA
A115: tesla | B115: tesla | C115: magneticFluxDensity | D115: tesla | E115: unit for flux density. 1 tesla = 1 Wb/m^2 (one weber per square meter). | F115: T | G115: 1 | H115: NA | I115: NA | J115: NA
A116: pascal | B116: pascal | C116: pressure | D116: pascal | E116: SI derived unit of pressure, 1 pascal = 1 newton/m^2 | F116: Pa | G116: 1 | H116: NA | I116: NA | J116: NA
A117: megapascal | B117: megapascal | C117: pressure | D117: megapascal | E117: SI derived unit of pressure, 1 pascal = 1 newton/m^2 | F117: MPa | G117: 1000000 | H117: NA | I117: pascal | J117: NA
A118: kilopascal | B118: kilopascal | C118: pressure | D118: kilopascal | E118: SI derived unit of pressure, 1 pascal = 1 newton/m^2 | F118: kPa | G118: 1000 | H118: NA | I118: pascal | J118: NA
A119: hectopascal | B119: hectopascal | C119: pressure | D119: hectopascal | E119: SI derived unit of pressure, 1 pascal = 1 newton/m^2 | F119: hPa | G119: 100 | H119: NA | I119: pascal | J119: NA
A120: atmosphere | B120: atmosphere | C120: pressure | D120: standard_atmosphere | E120: unit of pressure defined as 101325 Pa (1.01325 bar), sometimes used as a _x000D_ reference or standard pressure | F120: atm | G120: 101325 | H120: NA | I120: pascal | J120: NA
A121: bar | B121: bar | C121: pressure | D121: bar | E121: non-SI unit for pressure (deprecated in some fields). 1 bar = 100000 Pa | F121: bar | G121: 100000 | H121: NA | I121: pascal | J121: NA
A122: millibar | B122: millibar | C122: pressure | D122: millibar | E122: non-SI unit for pressure (deprecated in some fields). 1 millibar = 1 hPa (100 Pa) | F122: mbar | G122: 100 | H122: NA | I122: pascal | J122: NA
A123: decibar | B123: decibar | C123: pressure | D123: decibar | E123: non-SI unit for pressure. 1 decibar = .1 bar. Decibars are commonly used in aquatic _x000D_ environments because 1 db is approximately equal to depth in meters. | F123: dbar | G123: 10000 | H123: NA | I123: pascal | J123: NA
A124: kilogramsPerSquareMeter | B124: kilogramsPerSquareMeter | C124: arealMassDensity | D124: kilogram/meter^2 | E124: kilograms per square meter | F124: kg/mÂ² | G124: 1 | H124: kilogramPerMeterSquared | I124: NA | J124: NA
A125: gramsPerSquareMeter | B125: gramsPerSquareMeter | C125: arealMassDensity | D125: gram/meter^2 | E125: grams per square meter | F125: g/mÂ² | G125: 0.001 | H125: gramPerMeterSquared | I125: kilogramPerMeterSquared | J125: NA
...

Sheet catagorical_value_definitions
A1: CATAGORICAL VALUE DEFINITIONS

Sheet abstract
A1: Description: | B1: ENTER ABSTRACT BELOW:
A2: Describes the salient features of a dataset in a concise summary much like an abstract does in a journal article. It should cover what the data are and why they were created. A good rule of thumb is that an abstract should be about 250 words or less. The abstract will become a publicly-facing piece of text featured on the DataStore reference page as well as sent on to DataCite, data.gov, and Google’s Dataset Search. A thoughtful and well-planned abstract may be useable not only for the data package but also for the Data Release Report (DRR). If you write your abstract in a word processor (such as MS Word) and paste it in to the abstract.txt template file, please pass it through a text editor (such as Notepad) to make sure it is UTF-8 encoded and does not have special characters, including line breaks such as <br>.
A3: If the abstract is too short it will look like this
A4: If the abstract is the right length it will look like this
A5: If the abstract is too long it will look like this
A6: If the abstract is especially too long it will look like this
A7: EXAMPLE:
A8: Vegetation communities serve as the foundation of habitat for many species, function as a carbon sink, produce oxygen, cycle nutrients and energy, improve water quality, and moderate flooding/erosion. Given the widespread anthropogenic influences in Southeast Coast Network parks and the importance of vegetation communities, quantifying trends in species diversity and forest regeneration is vital to understanding ecological processes and identifying stressors and their impacts. Evaluating trends in vegetation and environmental attributes provides measures for assessing the ecological integrity and sustainability of park’s terrestrial vegetation and identifies potential management activities on our park lands. The National Park Service Omnibus Management Act of 1998 and other reinforcing policies and regulations require park managers to establish baseline information and to provide information on the long-term trends in the condition of National Park System resources (Title II, Sec. 204). The data summarized herein is a tool to assist managers in fulfilling this mandate.

Sheet methods
A1: Description: | B1: ENTER METHODS BELOW:
A2: Describes the data creation methods. Includes enough detail for future users to correctly use the data. Lists instrument descriptions, protocols, etc. Methods sections can include citations. It may be appropriate to cite the Protocol, datasets that were ingested to generate the data package, software (e.g. R), packages (e.g. dplyr, ggplot2) or custom scripts.
A3: Example:
A4: The Southeast Coast Network collects vegetation monitoring data within long-term, monumented, geo-referenced plots. Each plot consists of a 20 x 20 meter bounded square divided into four 10 x 10 meter modules; three 25 meter transects that traverse the bounded square; and three soil sample frames located adjacent to the bounded square. Vascular species presence is recorded across three spatial scales within each module—1 square meter, 10 square meter, and 100 square meter—and cover is recorded at the module scale for each species either present in or overhanging the module. Woody stems include trees, saplings and seedlings. Diameters and health of all trees are recorded within the plot, while counts of saplings and seedlings are recorded within quadrats. Other data collected include canopy height and cover, disturbance observations, downed woody debris, and landform. Botanical nomenclature at present conforms to Weakley 2020 Flora of the Southeastern U.S. A full description of all data collection methods can be found on NPS DataStore: https://irma.nps.gov/DataStore/Reference/Profile/2263392

Sheet keywords
A1: Description:
A2: Describes the data in a small set of terms. Keywords facilitate search and discovery on scientific terms, as well as names of research groups, field stations, and other organizations. Using a controlled vocabulary or thesaurus vastly improves discovery. We recommend using the LTER Controlled Vocabulary when possible.
A3: Example: | B3: ENTER KEYWORDS BELOW:
A4: keyword | B4: keyword | C4: keywordThesaurus
A5: Palo Verde National Park | C5: =IFERROR(VLOOKUP(B5, suggested_keywords!A:B, 2, FALSE), "")
A6: pesticides | C6: =IFERROR(VLOOKUP(B6, suggested_keywords!A:B, 2, FALSE), "")
A7: environmental risk | C7: =IFERROR(VLOOKUP(B7, suggested_keywords!A:B, 2, FALSE), "")
A8: tropical wetland | C8: =IFERROR(VLOOKUP(B8, suggested_keywords!A:B, 2, FALSE), "")
A9: aquatic macroinvertebrate | C9: =IFERROR(VLOOKUP(B9, suggested_keywords!A:B, 2, FALSE), "")
C10: =IFERROR(VLOOKUP(B10, suggested_keywords!A:B, 2, FALSE), "")
C11: =IFERROR(VLOOKUP(B11, suggested_keywords!A:B, 2, FALSE), "")
C12: =IFERROR(VLOOKUP(B12, suggested_keywords!A:B, 2, FALSE), "")
C13: =IFERROR(VLOOKUP(B13, suggested_keywords!A:B, 2, FALSE), "")
C14: =IFERROR(VLOOKUP(B14, suggested_keywords!A:B, 2, FALSE), "")
C15: =IFERROR(VLOOKUP(B15, suggested_keywords!A:B, 2, FALSE), "")
C16: =IFERROR(VLOOKUP(B16, suggested_keywords!A:B, 2, FALSE), "")
C17: =IFERROR(VLOOKUP(B17, suggested_keywords!A:B, 2, FALSE), "")
C18: =IFERROR(VLOOKUP(B18, suggested_keywords!A:B, 2, FALSE), "")
C19: =IFERROR(VLOOKUP(B19, suggested_keywords!A:B, 2, FALSE), "")
C20: =IFERROR(VLOOKUP(B20, suggested_keywords!A:B, 2, FALSE), "")
C21: =IFERROR(VLOOKUP(B21, suggested_keywords!A:B, 2, FALSE), "")
... C77: =IFERROR(VLOOKUP(B77, suggested_keywords!A:B, 2, FALSE), "")

Sheet suggested_keywords
A1: keyword | B1: keywordThesaurus
A2: Air and Climate | Air Quality | Air Contaminants | B2: Ecological Framework
A3: Air and Climate | Air Quality | Ozone | B3: Ecological Framework
A4: Air and Climate | Air Quality | Visibility and Particulate Matter | B4: Ecological Framework
A5: Air and Climate | Air Quality | Wet and Dry Deposition | B5: Ecological Framework
A6: Air and Climate | Weather and Climate | Weather and Climate | B6: Ecological Framework
A7: Biological Integrity | At-risk Biota | T&E Species and Communities | B7: Ecological Framework
A8: Biological Integrity | Focal Species or Communities | Amphibians and Reptiles | B8: Ecological Framework
A9: Biological Integrity | Focal Species or Communities | Birds | B9: Ecological Framework
A10: Biological Integrity | Focal Species or Communities | Cave Communities | B10: Ecological Framework
A11: Biological Integrity | Focal Species or Communities | Desert Communities | B11: Ecological Framework
A12: Biological Integrity | Focal Species or Communities | Estuarine Communities | B12: Ecological Framework
... A67: Water | Water Quality | Water Chemistry | B67: Ecological Framework

Sheet personnel
A1: PERSONNEL METADATA
A2: Examples:
A3: givenName | B3: middleInitial | C3: surName | D3: organizationName | E3: electronicMailAddress | F3: userId | G3: role | H3: projectTitle | I3: fundingAgency | J3: fundingNumber
A4: Doe | B4: B | C4: Jane | D4: South Florida/Caribbean Network | E4: jane_doe@fake_email.com | G4: Contact | H4: South Florida/Caribbean Network Early Detection Protocol for Exotic Plants
A5: Doe | B5: B | C5: Jane | D5: South Florida/Caribbean Network | E5: jane_doe@fake_email.com | G5: Creator | H5: South Florida/Caribbean Network Early Detection Protocol for Exotic Plants
A6: Katherine | B6: R | C6: Herrmann | D6: South Florida/Caribbean Network | E6: Katherine_Herrmann@nps.gov | F6: 0009-0004-5746-8322 | G6: Creator | H6: South Florida/Caribbean Network Early Detection Protocol for Exotic Plants
A7: River | B7: T | C7: Otter | D7: Otter University | E7: river_t_otter@otteru.edu | G7: Creator | H7: South Florida/Caribbean Network Early Detection Protocol for Exotic Plants
A8: Canada | C8: Goose | D8: Goose Inc. | E8: duck_duck@goose.net | G8: Creator | H8: South Florida/Caribbean Network Early Detection Protocol for Exotic Plants
A12: ENTER PERSONNEL BELOW: | F12: userId is ORCID | G12: REQUIRES at least one Creator and one Contact If Creator and Contact are the same, you will need to enter their information twice, once for each role | I12: Probably not needed | J12: Probably not needed
A13: givenName | B13: middleInitial | C13: surName | D13: organizationName | E13: electronicMailAddress | F13: userId | G13: role | H13: projectTitle | I13: fundingAgency | J13: fundingNumber
A14: Fill this row out! | G14: Creator
A15: Fill this row out! | G15: Contact

Sheet table_info
A1: Data Names and Descriptions
B2: Data names are the names of the tables (more than just the csv title). | C2: Data descriptions are more in depth descriptions of what the table holds. Aim for around 15 words. | D2: If you go over 25 words the description will look like this
A3: File Name | B3: Data Name | C3: Data Description

Sheet additional_info
A1: Description: | B1: ENTER ADDITIONAL INFO BELOW:
A2: Ancillary info not captured by any of the other templates. If you write your additional info in a word processor (such as MS Word) and paste it in to the abstract.txt template file, please pass it through a text editor (such as Notepad) to make sure it is UTF-8 encoded and does not have special characters, including line breaks such as <br>.
A3: Example:
